ID,Title,Content,Excerpt,Date,Post Type,Permalink,Image URL,Image Title,Image Caption,Image Description,Image Alt Text,Image Featured,Attachment URL,Adventure Categories,Adventure Subcategories,_thumbnail_id,_wp_page_template,_wp_trash_meta_status,_wp_trash_meta_time,_wp_desired_post_slug,Status,Author ID,Author Username,Author Email,Author First Name,Author Last Name,Slug,Format,Template,Parent,Parent Slug,Order,Comment Status,Ping Status,Post Modified Date,Custom URI,Show Sidebar,Show Date,Show Featured Image,Blog Category,Event Location,Date Logic,Event Date,Event Time,Events are Clickable,Testimonial Author,Testimonial Company,Phone Number,Reservations Number,Fax Number,Street Address,Featured Image Crop,Custom Crop Height,Show Main Menu,Show Social Media,Show Phone,Show Fax,Show Address,Footer Logo,Footer Copyright Text,Header Layout,Header Logo,Show Phone,Show Search,Read More Button Label,No Results Error Message,Page Not Found - Title,"Page Not Found	- Message",Show Side Filters,Promo Text Area,Promo Side Image,Promo Background Image,Weather,Wind,Air Temp,Moon Phase,Sunrise / Sunset,Adventure Category,Adventure Subcategory,Adventure External URL,FAQ Category,Page Hero,Hero Layout,Disable Wave Spacing,Hero H1,Hero H2,Hero CTA,Hero Background Image,Image,Image Crop,Text Alignment,Headline Size,Headline,Subheadline,Text Area,Button,Row Settings,Custom CSS Class,Background Image,Background Color,Text Color,Disable Top Spacing,Disable Bottom Spacing,Disable Top Wave,Manually Hide Bottom Wave Space,Flexible Fields
2361,Fish in the Barrier Reef ,,Full-Day Reef Fishing with BBQ Lunch,2/6/25 18:14,adventures,https://el-pescador-lodge-and-villas.lndo.site/adventures/full-day-reef-fishing-with-bbq-lunch/,https://el-pescador-lodge-and-villas.lndo.site/wp-content/uploads/2025/02/5c30bd8232c18734a003d203_5c25508d77f2834b739c7220_act-reef-fishing-om-5469-1.jpeg,5c30bd8232c18734a003d203_5c25508d77f2834b739c7220_act-reef-fishing-om-5469,,,,https://el-pescador-lodge-and-villas.lndo.site/wp-content/uploads/2025/02/5c30bd8232c18734a003d203_5c25508d77f2834b739c7220_act-reef-fishing-om-5469-1.jpeg,,Sea,Reef Fishing Courses,2510,,,,,publish,1,admin,it@straightnorth.com,,,full-day-reef-fishing-with-bbq-lunch,,,0,0,32,closed,closed,2/6/25 21:21,adventures/full-day-reef-fishing-with-bbq-lunch,,,,,,,,,,,,,,,,,,,,,,,,,,,,,,,,,,,,,,,,,,Sea,Reef Fishing Courses,https://go.theflybook.com/book/1360/ListView/0#/base/1360/560f64ab-f70d-432c-8e29-07a94ec29287/config/29443/29450/activity,,,,,,,,,,,,,,,,,,,,,,,,,,
2363,Explore Marine Life,,½ Day Snorkeling to Mexico Rocks,2/6/25 18:14,adventures,https://el-pescador-lodge-and-villas.lndo.site/adventures/%c2%bd-day-snorkeling-to-mexico-rocks/,,,,,,,,Sea,Snorkeling Courses,,,,,,publish,1,admin,it@straightnorth.com,,,%c2%bd-day-snorkeling-to-mexico-rocks,,,0,0,31,closed,closed,2/6/25 21:17,adventures/½-day-snorkeling-to-mexico-rocks,,,,,,,,,,,,,,,,,,,,,,,,,,,,,,,,,,,,,,,,,,Sea,Snorkeling Courses,https://go.theflybook.com/book/1360/ListView/0#/base/1360/560f64ab-f70d-432c-8e29-07a94ec29287/config/29466/29493/activity,,,,,,,,,,,,,,,,,,,,,,,,,,
2365,Travel the Island ,,"Mexico Rocks Sailing with Private Charter, Snorkeling, and BBQ lunch",2/6/25 18:14,adventures,https://el-pescador-lodge-and-villas.lndo.site/adventures/mexico-rocks-sailing-with-private-charter-snorkeling-and-bbq-lunch/,https://el-pescador-lodge-and-villas.lndo.site/wp-content/uploads/2025/02/5c30bd81cb585f8d0744d665_5c2a54741110ec093404839d_act_mrocks_as_174911947-1.jpeg,5c30bd81cb585f8d0744d665_5c2a54741110ec093404839d_act_mrocks_as_174911947,,,,https://el-pescador-lodge-and-villas.lndo.site/wp-content/uploads/2025/02/5c30bd81cb585f8d0744d665_5c2a54741110ec093404839d_act_mrocks_as_174911947-1.jpeg,,Sea,Sailing Courses|Snorkeling Courses,2509,,,,,publish,1,admin,it@straightnorth.com,,,mexico-rocks-sailing-with-private-charter-snorkeling-and-bbq-lunch,,,0,0,30,closed,closed,2/6/25 21:20,adventures/mexico-rocks-sailing-with-private-charter-snorkeling-and-bbq-lunch,,,,,,,,,,,,,,,,,,,,,,,,,,,,,,,,,,,,,,,,,,Sea,Sailing Courses|Snorkeling Courses,https://go.theflybook.com/book/1360/ListView/0#/base/1360/560f64ab-f70d-432c-8e29-07a94ec29287/config/29470/29497/activity,,,,,,,,,,,,,,,,,,,,,,,,,,
2367,See Sharks Up Close ,,½ Day Snorkeling to Hol Chan & Shark Ray Alley,2/6/25 18:15,adventures,https://el-pescador-lodge-and-villas.lndo.site/adventures/%c2%bd-day-snorkeling-to-hol-chan-shark-ray-alley/,,,,,,,,Sea,Snorkeling Courses,,,,,,publish,1,admin,it@straightnorth.com,,,%c2%bd-day-snorkeling-to-hol-chan-shark-ray-alley,,,0,0,29,closed,closed,2/6/25 21:17,adventures/½-day-snorkeling-to-hol-chan-shark-ray-alley,,,,,,,,,,,,,,,,,,,,,,,,,,,,,,,,,,,,,,,,,,Sea,Snorkeling Courses,https://go.theflybook.com/book/1360/ListView/0#/base/1360/560f64ab-f70d-432c-8e29-07a94ec29287/config/29467/29494/activity,,,,,,,,,,,,,,,,,,,,,,,,,,
2369,Visit Caye Caulker Island ,,Caye Caulker Sailing & Snorkeling,2/6/25 18:15,adventures,https://el-pescador-lodge-and-villas.lndo.site/adventures/caye-caulker-sailing-snorkeling/,https://el-pescador-lodge-and-villas.lndo.site/wp-content/uploads/2025/02/5c30bd841213429e30022db1_5c2553f8fd28a74615ee9b1e_act-snorkeling-holchan-om-5590-1.jpeg,5c30bd841213429e30022db1_5c2553f8fd28a74615ee9b1e_act-snorkeling-holchan-om-5590,,,,https://el-pescador-lodge-and-villas.lndo.site/wp-content/uploads/2025/02/5c30bd841213429e30022db1_5c2553f8fd28a74615ee9b1e_act-snorkeling-holchan-om-5590-1.jpeg,,Sea,Sailing Courses|Snorkeling Courses,2511,,,,,publish,1,admin,it@straightnorth.com,,,caye-caulker-sailing-snorkeling,,,0,0,28,closed,closed,2/6/25 21:22,adventures/caye-caulker-sailing-snorkeling,,,,,,,,,,,,,,,,,,,,,,,,,,,,,,,,,,,,,,,,,,Sea,Sailing Courses|Snorkeling Courses,https://go.theflybook.com/book/1360/ListView/0#/base/1360/560f64ab-f70d-432c-8e29-07a94ec29287/config/29469/29496/activity,,,,,,,,,,,,,,,,,,,,,,,,,,
2371,Sail at Dusk,,Sunset Sailing,2/6/25 18:15,adventures,https://el-pescador-lodge-and-villas.lndo.site/adventures/sunset-sailing/,,,,,,,,Sea,Sailing Courses,,,,,,publish,1,admin,it@straightnorth.com,,,sunset-sailing,,,0,0,27,closed,closed,2/6/25 21:13,adventures/sunset-sailing,,,,,,,,,,,,,,,,,,,,,,,,,,,,,,,,,,,,,,,,,,Sea,Sailing Courses,https://go.theflybook.com/book/1360/ListView/0#/base/1360/560f64ab-f70d-432c-8e29-07a94ec29287/config/29472/29499/activity,,,,,,,,,,,,,,,,,,,,,,,,,,
2373,See Garden Views & Ocean Life,,"Coral Gardens & North Channel (Manatee Watch, Tarpon Feeding & Watch Sea Horses)",2/6/25 18:15,adventures,https://el-pescador-lodge-and-villas.lndo.site/adventures/coral-gardens-north-channel-manatee-watch-tarpon-feeding-watch-sea-horses/,,,,,,,,Sea,Reef Fishing Courses,,,,,,publish,1,admin,it@straightnorth.com,,,coral-gardens-north-channel-manatee-watch-tarpon-feeding-watch-sea-horses,,,0,0,26,closed,closed,2/6/25 21:19,adventures/coral-gardens-north-channel-manatee-watch-tarpon-feeding-watch-sea-horses,,,,,,,,,,,,,,,,,,,,,,,,,,,,,,,,,,,,,,,,,,Sea,Reef Fishing Courses,https://go.theflybook.com/book/1360/ListView/0#/base/1360/560f64ab-f70d-432c-8e29-07a94ec29287/config/29473/29500/activity,,,,,,,,,,,,,,,,,,,,,,,,,,
2375,Experience the Ultimate Dive,,Blue Hole Diving Tour,2/6/25 18:15,adventures,https://el-pescador-lodge-and-villas.lndo.site/adventures/blue-hole-diving-tour/,,,,,,,,Sea,Scuba Diving Courses,,,,,,publish,1,admin,it@straightnorth.com,,,blue-hole-diving-tour,,,0,0,25,closed,closed,2/6/25 21:14,adventures/blue-hole-diving-tour,,,,,,,,,,,,,,,,,,,,,,,,,,,,,,,,,,,,,,,,,,Sea,Scuba Diving Courses,https://go.theflybook.com/book/1360/ListView/0#/base/1360/560f64ab-f70d-432c-8e29-07a94ec29287/config/29474/29501/activity,,,,,,,,,,,,,,,,,,,,,,,,,,
2377,Explore the Depths of Blue Hole ,,Blue Hole Snorkeling Tour,2/6/25 18:16,adventures,https://el-pescador-lodge-and-villas.lndo.site/adventures/blue-hole-snorkeling-tour/,,,,,,,,Sea,Snorkeling Courses,,,,,,publish,1,admin,it@straightnorth.com,,,blue-hole-snorkeling-tour,,,0,0,24,closed,closed,2/6/25 21:14,adventures/blue-hole-snorkeling-tour,,,,,,,,,,,,,,,,,,,,,,,,,,,,,,,,,,,,,,,,,,Sea,Snorkeling Courses,https://go.theflybook.com/book/1360/ListView/0#/base/1360/560f64ab-f70d-432c-8e29-07a94ec29287/config/29475/29503/activity,,,,,,,,,,,,,,,,,,,,,,,,,,
2379,Single Dive Adventure,,1 Tank Local Dive,2/6/25 18:16,adventures,https://el-pescador-lodge-and-villas.lndo.site/adventures/1-tank-local-dive/,,,,,,,,Sea,Snorkeling Courses,,,,,,publish,1,admin,it@straightnorth.com,,,1-tank-local-dive,,,0,0,21,closed,closed,2/6/25 21:14,adventures/1-tank-local-dive,,,,,,,,,,,,,,,,,,,,,,,,,,,,,,,,,,,,,,,,,,Sea,Snorkeling Courses,https://go.theflybook.com/book/1360/ListView/0#/base/1360/560f64ab-f70d-432c-8e29-07a94ec29287/config/29476/29504/activity,,,,,,,,,,,,,,,,,,,,,,,,,,
2381,2 Dive Adventure,,2 Tank Local Dive,2/6/25 18:16,adventures,https://el-pescador-lodge-and-villas.lndo.site/adventures/2-tank-local-dive/,,,,,,,,Sea,Snorkeling Courses,,,,,,publish,1,admin,it@straightnorth.com,,,2-tank-local-dive,,,0,0,22,closed,closed,2/6/25 21:14,adventures/2-tank-local-dive,,,,,,,,,,,,,,,,,,,,,,,,,,,,,,,,,,,,,,,,,,Sea,Snorkeling Courses,https://go.theflybook.com/book/1360/ListView/0#/base/1360/560f64ab-f70d-432c-8e29-07a94ec29287/config/29477/29505/activity,,,,,,,,,,,,,,,,,,,,,,,,,,
2383,3 Dive Adventure,,3 Tank Local Dive,2/6/25 18:16,adventures,https://el-pescador-lodge-and-villas.lndo.site/adventures/3-tank-local-dive/,,,,,,,,Sea,Snorkeling Courses,,,,,,publish,1,admin,it@straightnorth.com,,,3-tank-local-dive,,,0,0,23,closed,closed,2/6/25 21:14,adventures/3-tank-local-dive,,,,,,,,,,,,,,,,,,,,,,,,,,,,,,,,,,,,,,,,,,Sea,Snorkeling Courses,https://go.theflybook.com/book/1360/ListView/0#/base/1360/560f64ab-f70d-432c-8e29-07a94ec29287/config/29478/29506/activity,,,,,,,,,,,,,,,,,,,,,,,,,,
2385,See Marine Life at Night ,,Night Dive,2/6/25 18:16,adventures,https://el-pescador-lodge-and-villas.lndo.site/adventures/night-dive/,,,,,,,,Sea,Scuba Diving Courses,,,,,,publish,1,admin,it@straightnorth.com,,,night-dive,,,0,0,20,closed,closed,2/6/25 21:17,adventures/night-dive,,,,,,,,,,,,,,,,,,,,,,,,,,,,,,,,,,,,,,,,,,Sea,Scuba Diving Courses,https://go.theflybook.com/book/1360/ListView/0#/base/1360/560f64ab-f70d-432c-8e29-07a94ec29287/config/29479/29517/activity,,,,,,,,,,,,,,,,,,,,,,,,,,
2387,Get a Bird’s Eye Island View,,Single Parasailing,2/6/25 18:17,adventures,https://el-pescador-lodge-and-villas.lndo.site/adventures/single-parasailing/,https://el-pescador-lodge-and-villas.lndo.site/wp-content/uploads/2023/01/square-placeholder.png,square-placeholder,,,,https://el-pescador-lodge-and-villas.lndo.site/wp-content/uploads/2023/01/square-placeholder.png,,Sea,Parasailing Courses,1142,,,,,publish,1,admin,it@straightnorth.com,,,single-parasailing,,,0,0,17,closed,closed,2/6/25 21:14,adventures/single-parasailing,,,,,,,,,,,,,,,,,,,,,,,,,,,,,,,,,,,,,,,,,,Sea,Parasailing Courses,https://go.theflybook.com/book/1360/ListView/0#/base/1360/560f64ab-f70d-432c-8e29-07a94ec29287/config/29497/29536/activity,,,,,,,,,,,,,,,,,,,,,,,,,,
2389,Book with a Partner,,Double Parasailing,2/6/25 18:17,adventures,https://el-pescador-lodge-and-villas.lndo.site/adventures/double-parasailing/,,,,,,,,Sea,Parasailing Courses,,,,,,publish,1,admin,it@straightnorth.com,,,double-parasailing,,,0,0,18,closed,closed,2/6/25 21:15,adventures/double-parasailing,,,,,,,,,,,,,,,,,,,,,,,,,,,,,,,,,,,,,,,,,,Sea,Parasailing Courses,https://go.theflybook.com/book/1360/ListView/0#/base/1360/560f64ab-f70d-432c-8e29-07a94ec29287/config/29498/29537/activity,,,,,,,,,,,,,,,,,,,,,,,,,,
2391,Book with 2 Partners,,Triple Parasailing,2/6/25 18:18,adventures,https://el-pescador-lodge-and-villas.lndo.site/adventures/triple-parasailing/,,,,,,,,Sea,Parasailing Courses,,,,,,publish,1,admin,it@straightnorth.com,,,triple-parasailing,,,0,0,19,closed,closed,2/6/25 21:15,adventures/triple-parasailing,,,,,,,,,,,,,,,,,,,,,,,,,,,,,,,,,,,,,,,,,,Sea,Parasailing Courses,https://go.theflybook.com/book/1360/ListView/0#/base/1360/560f64ab-f70d-432c-8e29-07a94ec29287/config/29499/29538/activity,,,,,,,,,,,,,,,,,,,,,,,,,,
2393,Refresh Your Skills,,Refresher Course 1 Tank,2/6/25 18:18,adventures,https://el-pescador-lodge-and-villas.lndo.site/adventures/refresher-course-1-tank/,,,,,,,,Sea,Scuba Diving Courses,,,,,,publish,1,admin,it@straightnorth.com,,,refresher-course-1-tank,,,0,0,15,closed,closed,2/6/25 21:15,adventures/refresher-course-1-tank,,,,,,,,,,,,,,,,,,,,,,,,,,,,,,,,,,,,,,,,,,Sea,Scuba Diving Courses,https://go.theflybook.com/book/1360/ListView/0#/base/1360/560f64ab-f70d-432c-8e29-07a94ec29287/config/29485/29523/activity,,,,,,,,,,,,,,,,,,,,,,,,,,
2395,Take 2 Dives,,Refresher Course 2 Tank,2/6/25 18:18,adventures,https://el-pescador-lodge-and-villas.lndo.site/adventures/refresher-course-2-tank/,,,,,,,,Sea,Scuba Diving Courses,,,,,,publish,1,admin,it@straightnorth.com,,,refresher-course-2-tank,,,0,0,16,closed,closed,2/6/25 21:15,adventures/refresher-course-2-tank,,,,,,,,,,,,,,,,,,,,,,,,,,,,,,,,,,,,,,,,,,Sea,Scuba Diving Courses,https://go.theflybook.com/book/1360/ListView/0#/base/1360/560f64ab-f70d-432c-8e29-07a94ec29287/config/29486/29524/activity,,,,,,,,,,,,,,,,,,,,,,,,,,
2397,Get Certified at El Pescador ,,Open Water Scuba Diver Certification Course,2/6/25 18:19,adventures,https://el-pescador-lodge-and-villas.lndo.site/adventures/open-water-scuba-diver-certification-course/,,,,,,,,Sea,Scuba Diving Courses,,,,,,publish,1,admin,it@straightnorth.com,,,open-water-scuba-diver-certification-course,,,0,0,14,closed,closed,2/6/25 21:15,adventures/open-water-scuba-diver-certification-course,,,,,,,,,,,,,,,,,,,,,,,,,,,,,,,,,,,,,,,,,,Sea,Scuba Diving Courses,https://go.theflybook.com/book/1360/ListView/0#/base/1360/560f64ab-f70d-432c-8e29-07a94ec29287/config/29489/29527/activity,,,,,,,,,,,,,,,,,,,,,,,,,,
2399,Beginner Scuba Dive,,Discover Scuba Diving – Resort Course,2/6/25 18:19,adventures,https://el-pescador-lodge-and-villas.lndo.site/adventures/discover-scuba-diving-resort-course/,,,,,,,,Sea,Scuba Diving Courses,,,,,,publish,1,admin,it@straightnorth.com,,,discover-scuba-diving-resort-course,,,0,0,13,closed,closed,2/6/25 21:15,adventures/discover-scuba-diving-resort-course,,,,,,,,,,,,,,,,,,,,,,,,,,,,,,,,,,,,,,,,,,Sea,Scuba Diving Courses,https://go.theflybook.com/book/1360/ListView/0#/base/1360/560f64ab-f70d-432c-8e29-07a94ec29287/config/29487/29525/activity,,,,,,,,,,,,,,,,,,,,,,,,,,
2401,Enjoy a Longer Dive,,"Specialty, Nitrox",2/6/25 18:19,adventures,https://el-pescador-lodge-and-villas.lndo.site/adventures/specialty-nitrox/,,,,,,,,Sea,Scuba Diving Courses,,,,,,publish,1,admin,it@straightnorth.com,,,specialty-nitrox,,,0,0,12,closed,closed,2/6/25 21:15,adventures/specialty-nitrox,,,,,,,,,,,,,,,,,,,,,,,,,,,,,,,,,,,,,,,,,,Sea,Scuba Diving Courses,https://go.theflybook.com/book/1360/ListView/0#/base/1360/560f64ab-f70d-432c-8e29-07a94ec29287/config/29495/29534/activity,,,,,,,,,,,,,,,,,,,,,,,,,,
2403,Book an Expert Dive,,Advanced Open Water,2/6/25 18:19,adventures,https://el-pescador-lodge-and-villas.lndo.site/adventures/advanced-open-water/,,,,,,,,Sea,Scuba Diving Courses,,,,,,publish,1,admin,it@straightnorth.com,,,advanced-open-water,,,0,0,11,closed,closed,2/6/25 21:16,adventures/advanced-open-water,,,,,,,,,,,,,,,,,,,,,,,,,,,,,,,,,,,,,,,,,,Sea,Scuba Diving Courses,https://go.theflybook.com/book/1360/ListView/0#/base/1360/560f64ab-f70d-432c-8e29-07a94ec29287/config/29492/29530/activity,,,,,,,,,,,,,,,,,,,,,,,,,,
2436,Explore Mayan Ruins ,,Lamanai by Boat,2/6/25 21:07,adventures,https://el-pescador-lodge-and-villas.lndo.site/adventures/lamanai-by-boat/,https://el-pescador-lodge-and-villas.lndo.site/wp-content/uploads/2025/02/5c30bd81edb5fddf32b17458_5c255d523c78e587c28d9cb4_act_lamanai-as_62104928-1.jpeg,5c30bd81edb5fddf32b17458_5c255d523c78e587c28d9cb4_act_lamanai-as_62104928,,,,https://el-pescador-lodge-and-villas.lndo.site/wp-content/uploads/2025/02/5c30bd81edb5fddf32b17458_5c255d523c78e587c28d9cb4_act_lamanai-as_62104928-1.jpeg,,Land,,2517,,,,,publish,1,admin,it@straightnorth.com,,,lamanai-by-boat,,,0,0,10,closed,closed,2/7/25 16:44,adventures/lamanai-by-boat,,,,,,,,,,,,,,,,,,,,,,,,,,,,,,,,,,,,,,,,,,Land,,https://go.theflybook.com/book/1360/ListView/0#/base/1360/560f64ab-f70d-432c-8e29-07a94ec29287/config/29715/29463/activity,,,,,,,,,,,,,,,,,,,,,,,,,,
2439,Explore Mayan Ruins ,,Lamanai by Air & River Tour,2/6/25 21:08,adventures,https://el-pescador-lodge-and-villas.lndo.site/adventures/lamanai-by-air-river-tour/,https://el-pescador-lodge-and-villas.lndo.site/wp-content/uploads/2025/02/5c30bd80edb5fde557b17455_5c255c9b9a157501e0862692_act_lam-AS_79419028-1.jpeg,5c30bd80edb5fde557b17455_5c255c9b9a157501e0862692_act_lam-AS_79419028,,,,https://el-pescador-lodge-and-villas.lndo.site/wp-content/uploads/2025/02/5c30bd80edb5fde557b17455_5c255c9b9a157501e0862692_act_lam-AS_79419028-1.jpeg,,Land,,2515,,,,,publish,1,admin,it@straightnorth.com,,,lamanai-by-air-river-tour,,,0,0,9,closed,closed,2/7/25 16:44,adventures/lamanai-by-air-river-tour,,,,,,,,,,,,,,,,,,,,,,,,,,,,,,,,,,,,,,,,,,Land,,https://go.theflybook.com/book/1360/ListView/0#/base/1360/560f64ab-f70d-432c-8e29-07a94ec29287/config/29454/29461/activity,,,,,,,,,,,,,,,,,,,,,,,,,,
2441,Create a Masterpiece,,Sip and Paint,2/6/25 21:08,adventures,https://el-pescador-lodge-and-villas.lndo.site/adventures/sip-and-paint/,,,,,,,,Land,,,,,,,publish,1,admin,it@straightnorth.com,,,sip-and-paint,,,0,0,8,closed,closed,2/6/25 21:08,adventures/sip-and-paint,,,,,,,,,,,,,,,,,,,,,,,,,,,,,,,,,,,,,,,,,,Land,,https://go.theflybook.com/book/1360/ListView/0#/base/1360/560f64ab-f70d-432c-8e29-07a94ec29287/config/34650/33987/activity ,,,,,,,,,,,,,,,,,,,,,,,,,,
2443,Float Through Belize Waters,,Cave Tubing & Belize Zoo,2/6/25 21:09,adventures,https://el-pescador-lodge-and-villas.lndo.site/adventures/cave-tubing-belize-zoo/,,,,,,,,Land,,,,,,,publish,1,admin,it@straightnorth.com,,,cave-tubing-belize-zoo,,,0,0,7,closed,closed,2/6/25 21:09,adventures/cave-tubing-belize-zoo,,,,,,,,,,,,,,,,,,,,,,,,,,,,,,,,,,,,,,,,,,Land,,https://go.theflybook.com/book/1360/ListView/0#/base/1360/560f64ab-f70d-432c-8e29-07a94ec29287/config/29457/29483/activity ,,,,,,,,,,,,,,,,,,,,,,,,,,
2445,Fly Past Wildlife,,Belize Zoo & Zipline,2/6/25 21:09,adventures,https://el-pescador-lodge-and-villas.lndo.site/adventures/belize-zoo-zipline/,,,,,,,,Land,,,,,,,publish,1,admin,it@straightnorth.com,,,belize-zoo-zipline,,,0,0,6,closed,closed,2/6/25 21:09,adventures/belize-zoo-zipline,,,,,,,,,,,,,,,,,,,,,,,,,,,,,,,,,,,,,,,,,,Land,,https://go.theflybook.com/book/1360/ListView/0#/base/1360/560f64ab-f70d-432c-8e29-07a94ec29287/config/29458/29484/activity ,,,,,,,,,,,,,,,,,,,,,,,,,,
2447,Explore the Jungle ,,Cave Tubing & Zipline,2/6/25 21:09,adventures,https://el-pescador-lodge-and-villas.lndo.site/adventures/cave-tubing-zipline/,https://el-pescador-lodge-and-villas.lndo.site/wp-content/uploads/2025/02/5c30bd7f1213428442022da1_5c255e034fdbbaf0ccbf6b90_act_zipline_as_94767528-1.jpeg,5c30bd7f1213428442022da1_5c255e034fdbbaf0ccbf6b90_act_zipline_as_94767528,,,,https://el-pescador-lodge-and-villas.lndo.site/wp-content/uploads/2025/02/5c30bd7f1213428442022da1_5c255e034fdbbaf0ccbf6b90_act_zipline_as_94767528-1.jpeg,,Land,,2519,,,,,publish,1,admin,it@straightnorth.com,,,cave-tubing-zipline,,,0,0,5,closed,closed,2/7/25 16:45,adventures/cave-tubing-zipline,,,,,,,,,,,,,,,,,,,,,,,,,,,,,,,,,,,,,,,,,,Land,,https://go.theflybook.com/book/1360/ListView/0#/base/1360/560f64ab-f70d-432c-8e29-07a94ec29287/config/29459/29485/activity,,,,,,,,,,,,,,,,,,,,,,,,,,
2450,Tour an Ancient Mayan Site,,Cave Tubing & Xunantunich,2/6/25 21:10,adventures,https://el-pescador-lodge-and-villas.lndo.site/adventures/cave-tubing-xunantunich/,,,,,,,,Land,,,,,,,publish,1,admin,it@straightnorth.com,,,cave-tubing-xunantunich,,,0,0,4,closed,closed,2/6/25 21:10,adventures/cave-tubing-xunantunich,,,,,,,,,,,,,,,,,,,,,,,,,,,,,,,,,,,,,,,,,,Land,,https://go.theflybook.com/book/1360/ListView/0#/base/1360/560f64ab-f70d-432c-8e29-07a94ec29287/config/29460/29486/activity ,,,,,,,,,,,,,,,,,,,,,,,,,,
2452,Zoo and Mayan Expedition,,Belize Zoo & Xunantunich,2/6/25 21:10,adventures,https://el-pescador-lodge-and-villas.lndo.site/adventures/belize-zoo-xunantunich/,,,,,,,,Land,,,,,,,publish,1,admin,it@straightnorth.com,,,belize-zoo-xunantunich,,,0,0,3,closed,closed,2/6/25 21:10,adventures/belize-zoo-xunantunich,,,,,,,,,,,,,,,,,,,,,,,,,,,,,,,,,,,,,,,,,,Land,,https://go.theflybook.com/book/1360/ListView/0#/base/1360/560f64ab-f70d-432c-8e29-07a94ec29287/config/29461/29487/activity ,,,,,,,,,,,,,,,,,,,,,,,,,,
2454,Tour Actun Tunichal Muknal ,,ATM Cave – by Flight,2/6/25 21:10,adventures,https://el-pescador-lodge-and-villas.lndo.site/adventures/atm-cave-by-flight/,https://el-pescador-lodge-and-villas.lndo.site/wp-content/uploads/2025/02/5c30bd7e121342b41d022d9e_5bb4e6fc096def208bfac629_1280px-Actun_tunichil_muknal-pottery-1.jpeg,5c30bd7e121342b41d022d9e_5bb4e6fc096def208bfac629_1280px-Actun_tunichil_muknal-pottery,,,,https://el-pescador-lodge-and-villas.lndo.site/wp-content/uploads/2025/02/5c30bd7e121342b41d022d9e_5bb4e6fc096def208bfac629_1280px-Actun_tunichil_muknal-pottery-1.jpeg,,Land,,2513,,,,,publish,1,admin,it@straightnorth.com,,,atm-cave-by-flight,,,0,0,2,closed,closed,2/7/25 16:43,adventures/atm-cave-by-flight,,,,,,,,,,,,,,,,,,,,,,,,,,,,,,,,,,,,,,,,,,Land,,https://go.theflybook.com/book/1360/ListView/0#/base/1360/560f64ab-f70d-432c-8e29-07a94ec29287/config/29463/29489/activity,,,,,,,,,,,,,,,,,,,,,,,,,,
2456,Tour Actun Tunichal Muknal ,,ATM Cave – By Boat,2/6/25 21:10,adventures,https://el-pescador-lodge-and-villas.lndo.site/adventures/atm-cave-by-boat/,https://el-pescador-lodge-and-villas.lndo.site/wp-content/uploads/2025/02/5c30bd7e121342b41d022d9e_5bb4e6fc096def208bfac629_1280px-Actun_tunichil_muknal-pottery-1.jpeg,5c30bd7e121342b41d022d9e_5bb4e6fc096def208bfac629_1280px-Actun_tunichil_muknal-pottery,,,,,,Land,,,,,,,publish,1,admin,it@straightnorth.com,,,atm-cave-by-boat,,,0,0,1,closed,closed,2/7/25 16:45,adventures/atm-cave-by-boat,,,,,,,,,,,,,,,,,,,,,,,,,,,,,,,,,,,,,,,,,,Land,,https://go.theflybook.com/book/1360/ListView/0#/base/1360/560f64ab-f70d-432c-8e29-07a94ec29287/config/29464/29490/activity,,,,,,,,,,,,,,,,,,,,,,,,,,